country,Subject Descriptor,Units,Scale,Country/Series-specific Notes,2021,2022,Estimates Start After
Afghanistan,Current account balance,Percent of GDP,,"See notes for:  Gross domestic product, current prices (National currency) Current account balance (U.S. dollars).",n/a,n/a,2020
Albania,Current account balance,Percent of GDP,,"See notes for:  Gross domestic product, current prices (National currency) Current account balance (U.S. dollars).",-7.676,-5.966,2022
Algeria,Current account balance,Percent of GDP,,"See notes for:  Gross domestic product, current prices (National currency) Current account balance (U.S. dollars).",-2.766,9.773,2022
Andorra,Current account balance,Percent of GDP,,"See notes for:  Gross domestic product, current prices (National currency) Current account balance (U.S. dollars).",16.075,17.045,2020
Angola,Current account balance,Percent of GDP,,"See notes for:  Gross domestic product, current prices (National currency) Current account balance (U.S. dollars).",11.22,9.581,2022
Antigua and Barbuda,Current account balance,Percent of GDP,,"See notes for:  Gross domestic product, current prices (National currency) Current account balance (U.S. dollars).",-15.615,-16.188,2022
Argentina,Current account balance,Percent of GDP,,"See notes for:  Gross domestic product, current prices (National currency) Current account balance (U.S. dollars).",1.363,-0.68,2022
Armenia,Current account balance,Percent of GDP,,"See notes for:  Gross domestic product, current prices (National currency) Current account balance (U.S. dollars).",-3.484,0.774,2022
Aruba,Current account balance,Percent of GDP,,"See notes for:  Gross domestic product, current prices (National currency) Current account balance (U.S. dollars).",2.709,11.111,2021
Australia,Current account balance,Percent of GDP,,"See notes for:  Gross domestic product, current prices (National currency) Current account balance (U.S. dollars).",2.972,1.079,2021
Austria,Current account balance,Percent of GDP,,"See notes for:  Gross domestic product, current prices (National currency) Current account balance (U.S. dollars).",0.354,0.688,2022
Azerbaijan,Current account balance,Percent of GDP,,"See notes for:  Gross domestic product, current prices (National currency) Current account balance (U.S. dollars).",15.124,29.824,2022
The Bahamas,Current account balance,Percent of GDP,,"See notes for:  Gross domestic product, current prices (National currency) Current account balance (U.S. dollars).",-21.114,-13.62,2022
Bahrain,Current account balance,Percent of GDP,,"See notes for:  Gross domestic product, current prices (National currency) Current account balance (U.S. dollars).",6.624,15.408,2022
Bangladesh,Current account balance,Percent of GDP,,"See notes for:  Gross domestic product, current prices (National currency) Current account balance (U.S. dollars).",-1.099,-4.05,2022
Barbados,Current account balance,Percent of GDP,,"See notes for:  Gross domestic product, current prices (National currency) Current account balance (U.S. dollars).",-11.196,-11.066,2022
Belarus,Current account balance,Percent of GDP,,"See notes for:  Gross domestic product, current prices (National currency) Current account balance (U.S. dollars).",3.163,3.676,2022
Belgium,Current account balance,Percent of GDP,,"See notes for:  Gross domestic product, current prices (National currency) Current account balance (U.S. dollars).",0.43,-3.569,2022
Belize,Current account balance,Percent of GDP,,"See notes for:  Gross domestic product, current prices (National currency) Current account balance (U.S. dollars).",-6.336,-7.332,2021
Benin,Current account balance,Percent of GDP,,"See notes for:  Gross domestic product, current prices (National currency) Current account balance (U.S. dollars).",-4.154,-5.639,2021
Bhutan,Current account balance,Percent of GDP,,"See notes for:  Gross domestic product, current prices (National currency) Current account balance (U.S. dollars).",-11.981,-31.94,2021
Bolivia,Current account balance,Percent of GDP,,"See notes for:  Gross domestic product, current prices (National currency) Current account balance (U.S. dollars).",2.14,-0.413,2022
Bosnia and Herzegovina,Current account balance,Percent of GDP,,"See notes for:  Gross domestic product, current prices (National currency) Current account balance (U.S. dollars).",-2.357,-4.491,2022
Botswana,Current account balance,Percent of GDP,,"See notes for:  Gross domestic product, current prices (National currency) Current account balance (U.S. dollars).",-1.335,2.979,2021
Brazil,Current account balance,Percent of GDP,,"See notes for:  Gross domestic product, current prices (National currency) Current account balance (U.S. dollars).",-2.81,-2.793,2022
Brunei Darussalam,Current account balance,Percent of GDP,,"See notes for:  Gross domestic product, current prices (National currency) Current account balance (U.S. dollars).",11.22,19.567,2022
Bulgaria,Current account balance,Percent of GDP,,"See notes for:  Gross domestic product, current prices (National currency) Current account balance (U.S. dollars).",-1.851,-0.683,2022
Burkina Faso,Current account balance,Percent of GDP,,"See notes for:  Gross domestic product, current prices (National currency) Current account balance (U.S. dollars).",0.391,-6.168,2021
Burundi,Current account balance,Percent of GDP,,"See notes for:  Gross domestic product, current prices (National currency) Current account balance (U.S. dollars).",-12.443,-15.583,2022
Cabo Verde,Current account balance,Percent of GDP,,"See notes for:  Gross domestic product, current prices (National currency) Current account balance (U.S. dollars).",-11.799,-3.615,2021
Cambodia,Current account balance,Percent of GDP,,"See notes for:  Gross domestic product, current prices (National currency) Current account balance (U.S. dollars).",-42.024,-27.285,2022
Cameroon,Current account balance,Percent of GDP,,"See notes for:  Gross domestic product, current prices (National currency) Current account balance (U.S. dollars).",-3.962,-1.795,2022
Canada,Current account balance,Percent of GDP,,"See notes for:  Gross domestic product, current prices (National currency) Current account balance (U.S. dollars).",-0.269,-0.327,2022
Central African Republic,Current account balance,Percent of GDP,,"See notes for:  Gross domestic product, current prices (National currency) Current account balance (U.S. dollars).",-11.083,-12.725,2021
Chad,Current account balance,Percent of GDP,,"See notes for:  Gross domestic product, current prices (National currency) Current account balance (U.S. dollars).",-3.408,6.164,2021
Chile,Current account balance,Percent of GDP,,"See notes for:  Gross domestic product, current prices (National currency) Current account balance (U.S. dollars).",-7.324,-9.012,2022
China,Current account balance,Percent of GDP,,"See notes for:  Gross domestic product, current prices (National currency) Current account balance (U.S. dollars).",1.987,2.247,2022
Colombia,Current account balance,Percent of GDP,,"See notes for:  Gross domestic product, current prices (National currency) Current account balance (U.S. dollars).",-5.645,-6.241,2022
Comoros,Current account balance,Percent of GDP,,"See notes for:  Gross domestic product, current prices (National currency) Current account balance (U.S. dollars).",-0.473,-2.407,2021
Democratic Republic of the Congo,Current account balance,Percent of GDP,,"See notes for:  Gross domestic product, current prices (National currency) Current account balance (U.S. dollars).",-1.025,-5.25,2020
Republic of Congo,Current account balance,Percent of GDP,,"See notes for:  Gross domestic product, current prices (National currency) Current account balance (U.S. dollars).",14.198,19.393,2020
Costa Rica,Current account balance,Percent of GDP,,"See notes for:  Gross domestic product, current prices (National currency) Current account balance (U.S. dollars).",-2.483,-3.74,2022
CÙte d'Ivoire,Current account balance,Percent of GDP,,"See notes for:  Gross domestic product, current prices (National currency) Current account balance (U.S. dollars).",-4,-6.512,2020
Croatia,Current account balance,Percent of GDP,,"See notes for:  Gross domestic product, current prices (National currency) Current account balance (U.S. dollars).",1.755,-1.59,2022
Cyprus,Current account balance,Percent of GDP,,"See notes for:  Gross domestic product, current prices (National currency) Current account balance (U.S. dollars).",-6.82,-9.121,2022
Czech Republic,Current account balance,Percent of GDP,,"See notes for:  Gross domestic product, current prices (National currency) Current account balance (U.S. dollars).",-2.751,-6.12,2022
Denmark,Current account balance,Percent of GDP,,"See notes for:  Gross domestic product, current prices (National currency) Current account balance (U.S. dollars).",9.054,13.478,2022
Djibouti,Current account balance,Percent of GDP,,"See notes for:  Gross domestic product, current prices (National currency) Current account balance (U.S. dollars).",2.58,-4.811,2021
Dominica,Current account balance,Percent of GDP,,"See notes for:  Gross domestic product, current prices (National currency) Current account balance (U.S. dollars).",-27.591,-27.889,2021
Dominican Republic,Current account balance,Percent of GDP,,"See notes for:  Gross domestic product, current prices (National currency) Current account balance (U.S. dollars).",-2.843,-5.556,2022
Ecuador,Current account balance,Percent of GDP,,"See notes for:  Gross domestic product, current prices (National currency) Current account balance (U.S. dollars).",3.181,2.357,2022
Egypt,Current account balance,Percent of GDP,,"See notes for:  Gross domestic product, current prices (National currency) Current account balance (U.S. dollars).",-4.355,-3.483,2022
El Salvador,Current account balance,Percent of GDP,,"See notes for:  Gross domestic product, current prices (National currency) Current account balance (U.S. dollars).",-4.319,-6.606,2022
Equatorial Guinea,Current account balance,Percent of GDP,,"See notes for:  Gross domestic product, current prices (National currency) Current account balance (U.S. dollars).",5.45,9.639,2017
Eritrea,Current account balance,Percent of GDP,,"See notes for:  Gross domestic product, current prices (National currency) Current account balance (U.S. dollars).",n/a,n/a,2019
Estonia,Current account balance,Percent of GDP,,"See notes for:  Gross domestic product, current prices (National currency) Current account balance (U.S. dollars).",-1.82,-2.895,2022
Eswatini,Current account balance,Percent of GDP,,"See notes for:  Gross domestic product, current prices (National currency) Current account balance (U.S. dollars).",2.679,-0.74,2021
Ethiopia,Current account balance,Percent of GDP,,"See notes for:  Gross domestic product, current prices (National currency) Current account balance (U.S. dollars).",-3.192,-4.295,2022
Fiji,Current account balance,Percent of GDP,,"See notes for:  Gross domestic product, current prices (National currency) Current account balance (U.S. dollars).",-15.918,-17.343,2021
Finland,Current account balance,Percent of GDP,,"See notes for:  Gross domestic product, current prices (National currency) Current account balance (U.S. dollars).",0.414,-3.643,2022
France,Current account balance,Percent of GDP,,"See notes for:  Gross domestic product, current prices (National currency) Current account balance (U.S. dollars).",0.361,-2.042,2022
Gabon,Current account balance,Percent of GDP,,"See notes for:  Gross domestic product, current prices (National currency) Current account balance (U.S. dollars).",-4.505,1.598,2019
The Gambia,Current account balance,Percent of GDP,,"See notes for:  Gross domestic product, current prices (National currency) Current account balance (U.S. dollars).",-0.057,-5.927,2021
Georgia,Current account balance,Percent of GDP,,"See notes for:  Gross domestic product, current prices (National currency) Current account balance (U.S. dollars).",-10.402,-3.978,2022
Germany,Current account balance,Percent of GDP,,"See notes for:  Gross domestic product, current prices (National currency) Current account balance (U.S. dollars).",7.704,4.18,2022
Ghana,Current account balance,Percent of GDP,,"See notes for:  Gross domestic product, current prices (National currency) Current account balance (U.S. dollars).",-2.71,-2.1,2022
Greece,Current account balance,Percent of GDP,,"See notes for:  Gross domestic product, current prices (National currency) Current account balance (U.S. dollars).",-7.096,-10.124,2022
Grenada,Current account balance,Percent of GDP,,"See notes for:  Gross domestic product, current prices (National currency) Current account balance (U.S. dollars).",-13.021,-17.041,2021
Guatemala,Current account balance,Percent of GDP,,"See notes for:  Gross domestic product, current prices (National currency) Current account balance (U.S. dollars).",2.199,1.389,2022
Guinea,Current account balance,Percent of GDP,,"See notes for:  Gross domestic product, current prices (National currency) Current account balance (U.S. dollars).",-2.073,-8.234,2021
Guinea-Bissau,Current account balance,Percent of GDP,,"See notes for:  Gross domestic product, current prices (National currency) Current account balance (U.S. dollars).",-0.82,-9.565,2021
Guyana,Current account balance,Percent of GDP,,"See notes for:  Gross domestic product, current prices (National currency) Current account balance (U.S. dollars).",-25.864,23.752,2021
Haiti,Current account balance,Percent of GDP,,"See notes for:  Gross domestic product, current prices (National currency) Current account balance (U.S. dollars).",0.417,-2.257,2021
Honduras,Current account balance,Percent of GDP,,"See notes for:  Gross domestic product, current prices (National currency) Current account balance (U.S. dollars).",-4.657,-3.22,2022
Hong Kong SAR,Current account balance,Percent of GDP,,"See notes for:  Gross domestic product, current prices (National currency) Current account balance (U.S. dollars).",11.799,10.566,2022
Hungary,Current account balance,Percent of GDP,,"See notes for:  Gross domestic product, current prices (National currency) Current account balance (U.S. dollars).",-4.06,-8.038,2022
Iceland,Current account balance,Percent of GDP,,"See notes for:  Gross domestic product, current prices (National currency) Current account balance (U.S. dollars).",-2.983,-1.989,2022
India,Current account balance,Percent of GDP,,"See notes for:  Gross domestic product, current prices (National currency) Current account balance (U.S. dollars).",-1.228,-1.975,2023
Indonesia,Current account balance,Percent of GDP,,"See notes for:  Gross domestic product, current prices (National currency) Current account balance (U.S. dollars).",0.296,0.961,2022
Islamic Republic of Iran,Current account balance,Percent of GDP,,"See notes for:  Gross domestic product, current prices (National currency) Current account balance (U.S. dollars).",3.852,4.166,2023
Iraq,Current account balance,Percent of GDP,,"See notes for:  Gross domestic product, current prices (National currency) Current account balance (U.S. dollars).",6.873,17.25,2022
Ireland,Current account balance,Percent of GDP,,"See notes for:  Gross domestic product, current prices (National currency) Current account balance (U.S. dollars).",13.715,10.782,2022
Israel,Current account balance,Percent of GDP,,"See notes for:  Gross domestic product, current prices (National currency) Current account balance (U.S. dollars).",4.187,3.43,2022
Italy,Current account balance,Percent of GDP,,"See notes for:  Gross domestic product, current prices (National currency) Current account balance (U.S. dollars).",3.073,-1.219,2022
Jamaica,Current account balance,Percent of GDP,,"See notes for:  Gross domestic product, current prices (National currency) Current account balance (U.S. dollars).",1.017,-0.763,2022
Japan,Current account balance,Percent of GDP,,"See notes for:  Gross domestic product, current prices (National currency) Current account balance (U.S. dollars).",3.927,2.138,2022
Jordan,Current account balance,Percent of GDP,,"See notes for:  Gross domestic product, current prices (National currency) Current account balance (U.S. dollars).",-8.24,-8.765,2021
Kazakhstan,Current account balance,Percent of GDP,,"See notes for:  Gross domestic product, current prices (National currency) Current account balance (U.S. dollars).",-1.298,3.466,2022
Kenya,Current account balance,Percent of GDP,,"See notes for:  Gross domestic product, current prices (National currency) Current account balance (U.S. dollars).",-5.228,-5.149,2022
Kiribati,Current account balance,Percent of GDP,,"See notes for:  Gross domestic product, current prices (National currency) Current account balance (U.S. dollars).",8.896,-4.1,2021
Korea,Current account balance,Percent of GDP,,"See notes for:  Gross domestic product, current prices (National currency) Current account balance (U.S. dollars).",4.687,1.782,2022
Kosovo,Current account balance,Percent of GDP,,"See notes for:  Gross domestic product, current prices (National currency) Current account balance (U.S. dollars).",-8.73,-10.501,2022
Kuwait,Current account balance,Percent of GDP,,"See notes for:  Gross domestic product, current prices (National currency) Current account balance (U.S. dollars).",27.215,36.013,2020
Kyrgyz Republic,Current account balance,Percent of GDP,,"See notes for:  Gross domestic product, current prices (National currency) Current account balance (U.S. dollars).",-7.984,-46.496,2022
Lao P.D.R.,Current account balance,Percent of GDP,,"See notes for:  Gross domestic product, current prices (National currency) Current account balance (U.S. dollars).",-0.58,-5.957,2020
Latvia,Current account balance,Percent of GDP,,"See notes for:  Gross domestic product, current prices (National currency) Current account balance (U.S. dollars).",-3.903,-4.692,2022
Lebanon,Current account balance,Percent of GDP,,"See notes for:  Gross domestic product, current prices (National currency) Current account balance (U.S. dollars).",-17.252,-28.792,2020
Lesotho,Current account balance,Percent of GDP,,"See notes for:  Gross domestic product, current prices (National currency) Current account balance (U.S. dollars).",-4.407,-7.944,2021
Liberia,Current account balance,Percent of GDP,,"See notes for:  Gross domestic product, current prices (National currency) Current account balance (U.S. dollars).",-17.858,-19.638,2021
Libya,Current account balance,Percent of GDP,,"See notes for:  Gross domestic product, current prices (National currency) Current account balance (U.S. dollars).",-5.384,32.866,2021
Lithuania,Current account balance,Percent of GDP,,"See notes for:  Gross domestic product, current prices (National currency) Current account balance (U.S. dollars).",1.142,-5.085,2022
Luxembourg,Current account balance,Percent of GDP,,"See notes for:  Gross domestic product, current prices (National currency) Current account balance (U.S. dollars).",4.56,3.622,2022
Macao SAR,Current account balance,Percent of GDP,,"See notes for:  Gross domestic product, current prices (National currency) Current account balance (U.S. dollars).",5.841,-23.533,2021
Madagascar,Current account balance,Percent of GDP,,"See notes for:  Gross domestic product, current prices (National currency) Current account balance (U.S. dollars).",-4.86,-5.428,2022
Malawi,Current account balance,Percent of GDP,,"See notes for:  Gross domestic product, current prices (National currency) Current account balance (U.S. dollars).",-13.328,-3.356,2021
Malaysia,Current account balance,Percent of GDP,,"See notes for:  Gross domestic product, current prices (National currency) Current account balance (U.S. dollars).",3.885,3.076,2022
Maldives,Current account balance,Percent of GDP,,"See notes for:  Gross domestic product, current prices (National currency) Current account balance (U.S. dollars).",-8.489,-16.807,2022
Mali,Current account balance,Percent of GDP,,"See notes for:  Gross domestic product, current prices (National currency) Current account balance (U.S. dollars).",-7.492,-6.89,2021
Malta,Current account balance,Percent of GDP,,"See notes for:  Gross domestic product, current prices (National currency) Current account balance (U.S. dollars).",1.206,-5.691,2022
Marshall Islands,Current account balance,Percent of GDP,,"See notes for:  Gross domestic product, current prices (National currency) Current account balance (U.S. dollars).",22.562,8.232,2022
Mauritania,Current account balance,Percent of GDP,,"See notes for:  Gross domestic product, current prices (National currency) Current account balance (U.S. dollars).",-7.82,-15.332,2021
Mauritius,Current account balance,Percent of GDP,,"See notes for:  Gross domestic product, current prices (National currency) Current account balance (U.S. dollars).",-13.041,-11.523,2022
Mexico,Current account balance,Percent of GDP,,"See notes for:  Gross domestic product, current prices (National currency) Current account balance (U.S. dollars).",-0.636,-1.231,2022
Micronesia,Current account balance,Percent of GDP,,"See notes for:  Gross domestic product, current prices (National currency) Current account balance (U.S. dollars).",3.972,8.748,2018
Moldova,Current account balance,Percent of GDP,,"See notes for:  Gross domestic product, current prices (National currency) Current account balance (U.S. dollars).",-12.41,-14.353,2022
Mongolia,Current account balance,Percent of GDP,,"See notes for:  Gross domestic product, current prices (National currency) Current account balance (U.S. dollars).",-13.793,-13.434,2022
Montenegro,Current account balance,Percent of GDP,,"See notes for:  Gross domestic product, current prices (National currency) Current account balance (U.S. dollars).",-9.201,-13.213,2021
Morocco,Current account balance,Percent of GDP,,"See notes for:  Gross domestic product, current prices (National currency) Current account balance (U.S. dollars).",-2.348,-3.531,2022
Mozambique,Current account balance,Percent of GDP,,"See notes for:  Gross domestic product, current prices (National currency) Current account balance (U.S. dollars).",-22.383,-32.863,2022
Myanmar,Current account balance,Percent of GDP,,"See notes for:  Gross domestic product, current prices (National currency) Current account balance (U.S. dollars).",-0.309,-4.298,2020
Namibia,Current account balance,Percent of GDP,,"See notes for:  Gross domestic product, current prices (National currency) Current account balance (U.S. dollars).",-9.926,-12.734,2022
Nauru,Current account balance,Percent of GDP,,"See notes for:  Gross domestic product, current prices (National currency) Current account balance (U.S. dollars).",4.586,-0.549,2020
Nepal,Current account balance,Percent of GDP,,"See notes for:  Gross domestic product, current prices (National currency) Current account balance (U.S. dollars).",-7.701,-12.673,2022
Netherlands,Current account balance,Percent of GDP,,"See notes for:  Gross domestic product, current prices (National currency) Current account balance (U.S. dollars).",12.114,9.217,2022
New Zealand,Current account balance,Percent of GDP,,"See notes for:  Gross domestic product, current prices (National currency) Current account balance (U.S. dollars).",-5.979,-9.037,2022
Nicaragua,Current account balance,Percent of GDP,,"See notes for:  Gross domestic product, current prices (National currency) Current account balance (U.S. dollars).",-3.114,-1.327,2021
Niger,Current account balance,Percent of GDP,,"See notes for:  Gross domestic product, current prices (National currency) Current account balance (U.S. dollars).",-14.066,-15.573,2021
Nigeria,Current account balance,Percent of GDP,,"See notes for:  Gross domestic product, current prices (National currency) Current account balance (U.S. dollars).",-0.737,0.213,2022
North Macedonia,Current account balance,Percent of GDP,,"See notes for:  Gross domestic product, current prices (National currency) Current account balance (U.S. dollars).",-3.134,-5.989,2022
Norway,Current account balance,Percent of GDP,,"See notes for:  Gross domestic product, current prices (National currency) Current account balance (U.S. dollars).",13.626,30.158,2022
Oman,Current account balance,Percent of GDP,,"See notes for:  Gross domestic product, current prices (National currency) Current account balance (U.S. dollars).",-5.424,6.409,2021
Pakistan,Current account balance,Percent of GDP,,"See notes for:  Gross domestic product, current prices (National currency) Current account balance (U.S. dollars).",-0.809,-4.666,2022
Palau,Current account balance,Percent of GDP,,"See notes for:  Gross domestic product, current prices (National currency) Current account balance (U.S. dollars).",-43.252,-54.731,2021
Panama,Current account balance,Percent of GDP,,"See notes for:  Gross domestic product, current prices (National currency) Current account balance (U.S. dollars).",-3.042,-3.922,2022
Papua New Guinea,Current account balance,Percent of GDP,,"See notes for:  Gross domestic product, current prices (National currency) Current account balance (U.S. dollars).",12.604,27.863,2020
Paraguay,Current account balance,Percent of GDP,,"See notes for:  Gross domestic product, current prices (National currency) Current account balance (U.S. dollars).",-0.765,-5.972,2022
Peru,Current account balance,Percent of GDP,,"See notes for:  Gross domestic product, current prices (National currency) Current account balance (U.S. dollars).",-2.242,-4.051,2022
Philippines,Current account balance,Percent of GDP,,"See notes for:  Gross domestic product, current prices (National currency) Current account balance (U.S. dollars).",-1.508,-4.481,2022
Poland,Current account balance,Percent of GDP,,"See notes for:  Gross domestic product, current prices (National currency) Current account balance (U.S. dollars).",-1.393,-3.007,2022
Portugal,Current account balance,Percent of GDP,,"See notes for:  Gross domestic product, current prices (National currency) Current account balance (U.S. dollars).",-0.762,-1.163,2022
Puerto Rico,Current account balance,Percent of GDP,,,,,
Qatar,Current account balance,Percent of GDP,,"See notes for:  Gross domestic product, current prices (National currency) Current account balance (U.S. dollars).",14.648,26.698,2022
Romania,Current account balance,Percent of GDP,,"See notes for:  Gross domestic product, current prices (National currency) Current account balance (U.S. dollars).",-7.241,-9.336,2022
Russia,Current account balance,Percent of GDP,,"See notes for:  Gross domestic product, current prices (National currency) Current account balance (U.S. dollars).",6.649,10.519,2022
Rwanda,Current account balance,Percent of GDP,,"See notes for:  Gross domestic product, current prices (National currency) Current account balance (U.S. dollars).",-11.248,-9.814,2021
Samoa,Current account balance,Percent of GDP,,"See notes for:  Gross domestic product, current prices (National currency) Current account balance (U.S. dollars).",-14.466,-11.316,2022
San Marino,Current account balance,Percent of GDP,,"See notes for:  Gross domestic product, current prices (National currency) Current account balance (U.S. dollars).",6.471,8.027,2021
S„o TomÈ and PrÌncipe,Current account balance,Percent of GDP,,"See notes for:  Gross domestic product, current prices (National currency) Current account balance (U.S. dollars).",-12.11,-13.25,2020
Saudi Arabia,Current account balance,Percent of GDP,,"See notes for:  Gross domestic product, current prices (National currency) Current account balance (U.S. dollars).",5.103,13.604,2022
Senegal,Current account balance,Percent of GDP,,"See notes for:  Gross domestic product, current prices (National currency) Current account balance (U.S. dollars).",-11.184,-19.931,2021
Serbia,Current account balance,Percent of GDP,,"See notes for:  Gross domestic product, current prices (National currency) Current account balance (U.S. dollars).",-4.306,-6.857,2022
Seychelles,Current account balance,Percent of GDP,,"See notes for:  Gross domestic product, current prices (National currency) Current account balance (U.S. dollars).",-10.055,-7.057,2021
Sierra Leone,Current account balance,Percent of GDP,,"See notes for:  Gross domestic product, current prices (National currency) Current account balance (U.S. dollars).",-8.64,-8.849,2021
Singapore,Current account balance,Percent of GDP,,"See notes for:  Gross domestic product, current prices (National currency) Current account balance (U.S. dollars).",18.021,19.332,2022
Slovak Republic,Current account balance,Percent of GDP,,"See notes for:  Gross domestic product, current prices (National currency) Current account balance (U.S. dollars).",-2.457,-8.151,2022
Slovenia,Current account balance,Percent of GDP,,"See notes for:  Gross domestic product, current prices (National currency) Current account balance (U.S. dollars).",3.312,-1.014,2022
Solomon Islands,Current account balance,Percent of GDP,,"See notes for:  Gross domestic product, current prices (National currency) Current account balance (U.S. dollars).",-5.083,-12.055,2020
Somalia,Current account balance,Percent of GDP,,"See notes for:  Gross domestic product, current prices (National currency) Current account balance (U.S. dollars).",-6.937,-8.164,2022
South Africa,Current account balance,Percent of GDP,,"See notes for:  Gross domestic product, current prices (National currency) Current account balance (U.S. dollars).",3.651,-0.453,2022
South Sudan,Current account balance,Percent of GDP,,"See notes for:  Gross domestic product, current prices (National currency) Current account balance (U.S. dollars).",-9.482,9.753,2021
Spain,Current account balance,Percent of GDP,,"See notes for:  Gross domestic product, current prices (National currency) Current account balance (U.S. dollars).",0.761,0.612,2022
Sri Lanka,Current account balance,Percent of GDP,,"See notes for:  Gross domestic product, current prices (National currency) Current account balance (U.S. dollars).",-3.71,-0.994,2021
St. Kitts and Nevis,Current account balance,Percent of GDP,,"See notes for:  Gross domestic product, current prices (National currency) Current account balance (U.S. dollars).",-5.864,-3.437,2021
St. Lucia,Current account balance,Percent of GDP,,"See notes for:  Gross domestic product, current prices (National currency) Current account balance (U.S. dollars).",-6.995,-2.278,2022
St. Vincent and the Grenadines,Current account balance,Percent of GDP,,"See notes for:  Gross domestic product, current prices (National currency) Current account balance (U.S. dollars).",-22.669,-19.527,2021
Sudan,Current account balance,Percent of GDP,,"See notes for:  Gross domestic product, current prices (National currency) Current account balance (U.S. dollars).",-7.532,-11.241,2019
Suriname,Current account balance,Percent of GDP,,"See notes for:  Gross domestic product, current prices (National currency) Current account balance (U.S. dollars).",5.905,2.174,2021
Sweden,Current account balance,Percent of GDP,,"See notes for:  Gross domestic product, current prices (National currency) Current account balance (U.S. dollars).",6.787,4.811,2022
Switzerland,Current account balance,Percent of GDP,,"See notes for:  Gross domestic product, current prices (National currency) Current account balance (U.S. dollars).",8.621,10.198,2022
Syria,Current account balance,Percent of GDP,,"See notes for:  Gross domestic product, current prices (National currency) Current account balance (U.S. dollars).",n/a,n/a,2009
Taiwan Province of China,Current account balance,Percent of GDP,,"See notes for:  Gross domestic product, current prices (National currency) Current account balance (U.S. dollars).",15.208,13.322,2022
Tajikistan,Current account balance,Percent of GDP,,"See notes for:  Gross domestic product, current prices (National currency) Current account balance (U.S. dollars).",8.224,15.579,2022
Tanzania,Current account balance,Percent of GDP,,"See notes for:  Gross domestic product, current prices (National currency) Current account balance (U.S. dollars).",-3.423,-5.357,2021
Thailand,Current account balance,Percent of GDP,,"See notes for:  Gross domestic product, current prices (National currency) Current account balance (U.S. dollars).",-2.106,-2.968,2022
Timor-Leste,Current account balance,Percent of GDP,,"See notes for:  Gross domestic product, current prices (National currency) Current account balance (U.S. dollars).",1.292,5.008,2021
Togo,Current account balance,Percent of GDP,,"See notes for:  Gross domestic product, current prices (National currency) Current account balance (U.S. dollars).",-0.883,-3.16,2021
Tonga,Current account balance,Percent of GDP,,"See notes for:  Gross domestic product, current prices (National currency) Current account balance (U.S. dollars).",-5.241,-6.322,2021
Trinidad and Tobago,Current account balance,Percent of GDP,,"See notes for:  Gross domestic product, current prices (National currency) Current account balance (U.S. dollars).",11.266,17.908,2022
Tunisia,Current account balance,Percent of GDP,,"See notes for:  Gross domestic product, current prices (National currency) Current account balance (U.S. dollars).",-5.957,-8.594,2022
T¸rkiye,Current account balance,Percent of GDP,,"See notes for:  Gross domestic product, current prices (National currency) Current account balance (U.S. dollars).",-0.884,-5.344,2022
Turkmenistan,Current account balance,Percent of GDP,,"See notes for:  Gross domestic product, current prices (National currency) Current account balance (U.S. dollars).",6.529,7.092,2022
Tuvalu,Current account balance,Percent of GDP,,"See notes for:  Gross domestic product, current prices (National currency) Current account balance (U.S. dollars).",24.142,4.593,2021
Uganda,Current account balance,Percent of GDP,,"See notes for:  Gross domestic product, current prices (National currency) Current account balance (U.S. dollars).",-8.339,-8.229,2022
Ukraine,Current account balance,Percent of GDP,,"See notes for:  Gross domestic product, current prices (National currency) Current account balance (U.S. dollars).",-1.626,4.988,2022
United Arab Emirates,Current account balance,Percent of GDP,,"See notes for:  Gross domestic product, current prices (National currency) Current account balance (U.S. dollars).",11.549,11.744,2021
United Kingdom,Current account balance,Percent of GDP,,"See notes for:  Gross domestic product, current prices (National currency) Current account balance (U.S. dollars).",-1.502,-3.769,2022
United States,Current account balance,Percent of GDP,,"See notes for:  Gross domestic product, current prices (National currency) Current account balance (U.S. dollars).",-3.566,-3.816,2022
Uruguay,Current account balance,Percent of GDP,,"See notes for:  Gross domestic product, current prices (National currency) Current account balance (U.S. dollars).",-2.525,-3.513,2022
Uzbekistan,Current account balance,Percent of GDP,,"See notes for:  Gross domestic product, current prices (National currency) Current account balance (U.S. dollars).",-7.032,-0.769,2022
Vanuatu,Current account balance,Percent of GDP,,"See notes for:  Gross domestic product, current prices (National currency) Current account balance (U.S. dollars).",0.846,-4.198,2020
Venezuela,Current account balance,Percent of GDP,,"See notes for:  Gross domestic product, current prices (National currency) Current account balance (U.S. dollars).",-1.185,3.592,2018
Vietnam,Current account balance,Percent of GDP,,"See notes for:  Gross domestic product, current prices (National currency) Current account balance (U.S. dollars).",-2.204,-0.264,2022
West Bank and Gaza,Current account balance,Percent of GDP,,"See notes for:  Gross domestic product, current prices (National currency) Current account balance (U.S. dollars).",-9.818,n/a,2022
Yemen,Current account balance,Percent of GDP,,"See notes for:  Gross domestic product, current prices (National currency) Current account balance (U.S. dollars).",-15.43,-17.821,2022
Zambia,Current account balance,Percent of GDP,,"See notes for:  Gross domestic product, current prices (National currency) Current account balance (U.S. dollars).",9.652,3.602,2021
Zimbabwe,Current account balance,Percent of GDP,,"See notes for:  Gross domestic product, current prices (National currency) Current account balance (U.S. dollars).",0.968,1.019,2022
,,,,,,,
"International Monetary Fund, World Economic Outlook Database, October 2023",,,,,,,